{"openapi":"3.0.1","info":{"title":"OpenAPI definition","version":"v0"},"servers":[{"url":"http://localhost:8080","description":"Generated server url"}],"paths":{"/api/economic-blocks/{economicBlockId}":{"put":{"tags":["economic-block-controller"],"operationId":"updateEconomicBlock","parameters":[{"name":"economicBlockId","in":"path","required":true,"schema":{"type":"integer","format":"int64"}}],"requestBody":{"content":{"application/json":{"schema":{"$ref":"#/components/schemas/EconomicBlockDTO"}}},"required":true},"responses":{"200":{"description":"OK","content":{"*/*":{"schema":{"$ref":"#/components/schemas/EconomicBlockDTO"}}}}}},"delete":{"tags":["economic-block-controller"],"operationId":"deleteEconomicBlock","parameters":[{"name":"economicBlockId","in":"path","required":true,"schema":{"type":"integer","format":"int64"}}],"responses":{"200":{"description":"OK"}}}},"/api/ticket/upload-attach/{ticketId}":{"post":{"tags":["ticket-controller"],"operationId":"uploadFile","parameters":[{"name":"ticketId","in":"path","required":true,"schema":{"type":"string"}},{"name":"utente","in":"query","required":true,"schema":{"type":"string"}},{"name":"nota","in":"query","required":false,"schema":{"type":"string"}},{"name":"tipo","in":"query","required":true,"schema":{"type":"string"}}],"requestBody":{"content":{"application/json":{"schema":{"type":"object","properties":{"file":{"type":"string","format":"binary"}}}}}},"responses":{"200":{"description":"OK","content":{"*/*":{"schema":{"type":"string"}}}}}}},"/api/ticket/update-ttms":{"post":{"tags":["ticket-controller"],"operationId":"updateTtms","requestBody":{"content":{"application/json":{"schema":{"$ref":"#/components/schemas/UpdateTtmsDTO"}}},"required":true},"responses":{"200":{"description":"OK"}}}},"/api/ticket/search":{"post":{"tags":["ticket-controller"],"operationId":"search","requestBody":{"content":{"application/json":{"schema":{"$ref":"#/components/schemas/TicketSearchDTO"}}},"required":true},"responses":{"200":{"description":"OK","content":{"*/*":{"schema":{"$ref":"#/components/schemas/EventiAzioniResponseDTO"}}}}}}},"/api/ticket/ricalcola-costi":{"post":{"tags":["ticket-controller"],"operationId":"ricalcolaCosti","requestBody":{"content":{"application/json":{"schema":{"$ref":"#/components/schemas/TicketSearchDTO"}}},"required":true},"responses":{"200":{"description":"OK","content":{"*/*":{"schema":{"type":"string"}}}}}}},"/api/ticket/remove-attach/{id}":{"post":{"tags":["ticket-controller"],"operationId":"removeAttach","parameters":[{"name":"id","in":"path","required":true,"schema":{"type":"integer","format":"int64"}}],"responses":{"200":{"description":"OK"}}}},"/api/ticket/download-eventi":{"post":{"tags":["ticket-controller"],"operationId":"downloadEventiLight","requestBody":{"content":{"application/json":{"schema":{"$ref":"#/components/schemas/TicketSearchDTO"}}},"required":true},"responses":{"200":{"description":"OK","content":{"*/*":{"schema":{"type":"string","format":"binary"}}}}}}},"/api/ticket/download-eventi-old":{"post":{"tags":["ticket-controller"],"operationId":"downloadEventi","requestBody":{"content":{"application/json":{"schema":{"$ref":"#/components/schemas/TicketSearchDTO"}}},"required":true},"responses":{"200":{"description":"OK","content":{"*/*":{"schema":{"type":"string","format":"binary"}}}}}}},"/api/ticket/change-cost":{"post":{"tags":["ticket-controller"],"operationId":"changeCost","requestBody":{"content":{"application/json":{"schema":{"$ref":"#/components/schemas/TicketCostDTO"}}},"required":true},"responses":{"200":{"description":"OK"}}}},"/api/report/upload-attach/{rif}":{"post":{"tags":["report-controller"],"operationId":"uploadFile_1","parameters":[{"name":"rif","in":"path","required":true,"schema":{"type":"string"}},{"name":"utente","in":"query","required":true,"schema":{"type":"string"}},{"name":"nota","in":"query","required":false,"schema":{"type":"string"}},{"name":"tipo","in":"query","required":true,"schema":{"type":"string"}}],"requestBody":{"content":{"application/json":{"schema":{"type":"object","properties":{"file":{"type":"string","format":"binary"}}}}}},"responses":{"200":{"description":"OK","content":{"*/*":{"schema":{"type":"string"}}}}}}},"/api/report/search":{"post":{"tags":["report-controller"],"operationId":"search_1","requestBody":{"content":{"application/json":{"schema":{"$ref":"#/components/schemas/ReportSearchDTO"}}},"required":true},"responses":{"200":{"description":"OK","content":{"*/*":{"schema":{"$ref":"#/components/schemas/RIfResponseDTO"}}}}}}},"/api/report/search-rif":{"post":{"tags":["report-controller"],"operationId":"searchRif","requestBody":{"content":{"application/json":{"schema":{"$ref":"#/components/schemas/ReportSearchDTO"}}},"required":true},"responses":{"200":{"description":"OK","content":{"*/*":{"schema":{"$ref":"#/components/schemas/RIfResponseDTO"}}}}}}},"/api/report/remove-attach/{id}":{"post":{"tags":["report-controller"],"operationId":"removeAttach_1","parameters":[{"name":"id","in":"path","required":true,"schema":{"type":"integer","format":"int64"}}],"responses":{"200":{"description":"OK"}}}},"/api/report/modify-report":{"post":{"tags":["report-controller"],"operationId":"modifyReport","requestBody":{"content":{"application/json":{"schema":{"$ref":"#/components/schemas/RifDTO"}}},"required":true},"responses":{"200":{"description":"OK"}}}},"/api/report/modify-denuncia":{"post":{"tags":["report-controller"],"operationId":"modifyDenuncia","requestBody":{"content":{"application/json":{"schema":{"$ref":"#/components/schemas/DenunciaDTO"}}},"required":true},"responses":{"200":{"description":"OK"}}}},"/api/report/genera-rif/{ticketId}":{"post":{"tags":["report-controller"],"operationId":"generaRif","parameters":[{"name":"ticketId","in":"path","required":true,"schema":{"type":"string"}}],"responses":{"200":{"description":"OK","content":{"*/*":{"schema":{"type":"string"}}}}}}},"/api/report/download-odv":{"post":{"tags":["report-controller"],"operationId":"downloadOdv","requestBody":{"content":{"application/json":{"schema":{"$ref":"#/components/schemas/ReportSearchDTO"}}},"required":true},"responses":{"200":{"description":"OK","content":{"*/*":{"schema":{"type":"string","format":"binary"}}}}}}},"/api/report/download-cia":{"post":{"tags":["report-controller"],"operationId":"downloadCia","requestBody":{"content":{"application/json":{"schema":{"$ref":"#/components/schemas/ReportSearchDTO"}}},"required":true},"responses":{"200":{"description":"OK","content":{"*/*":{"schema":{"type":"string","format":"binary"}}}}}}},"/api/report/delete-report":{"post":{"tags":["report-controller"],"operationId":"deleteReport","requestBody":{"content":{"application/json":{"schema":{"$ref":"#/components/schemas/RifDTO"}}},"required":true},"responses":{"200":{"description":"OK"}}}},"/api/report/delete-denuncia/{id}":{"post":{"tags":["report-controller"],"operationId":"deleteDenuncia","parameters":[{"name":"id","in":"path","required":true,"schema":{"type":"string"}}],"responses":{"200":{"description":"OK"}}}},"/api/report/create-report":{"post":{"tags":["report-controller"],"operationId":"createReport","requestBody":{"content":{"application/json":{"schema":{"$ref":"#/components/schemas/RifDTO"}}},"required":true},"responses":{"200":{"description":"OK","content":{"*/*":{"schema":{"$ref":"#/components/schemas/RifDTO"}}}}}}},"/api/report/create-odv/{dateStr}":{"post":{"tags":["report-controller"],"operationId":"createOdv","parameters":[{"name":"dateStr","in":"path","required":true,"schema":{"type":"string"}}],"responses":{"200":{"description":"OK","content":{"*/*":{"schema":{"type":"string"}}}}}}},"/api/report/create-cia/{dateStr}":{"post":{"tags":["report-controller"],"operationId":"createCia","parameters":[{"name":"dateStr","in":"path","required":true,"schema":{"type":"string"}}],"responses":{"200":{"description":"OK","content":{"*/*":{"schema":{"type":"string"}}}}}}},"/api/report/add-denuncia":{"post":{"tags":["report-controller"],"operationId":"addDenuncia","requestBody":{"content":{"application/json":{"schema":{"$ref":"#/components/schemas/DenunciaDTO"}}},"required":true},"responses":{"200":{"description":"OK","content":{"*/*":{"schema":{"$ref":"#/components/schemas/DenunciaDTO"}}}}}}},"/api/report-alarm/modify-alarm-rif/{rifId}":{"post":{"tags":["report-alarm-controller"],"operationId":"modifyAlarmRIf","parameters":[{"name":"rifId","in":"path","required":true,"schema":{"type":"string"}}],"requestBody":{"content":{"application/json":{"schema":{"$ref":"#/components/schemas/RifAlarmDTO"}}},"required":true},"responses":{"200":{"description":"OK"}}}},"/api/report-alarm/download-odv":{"post":{"tags":["report-alarm-controller"],"operationId":"downloadOdv_1","requestBody":{"content":{"application/json":{"schema":{"$ref":"#/components/schemas/ReportSearchDTO"}}},"required":true},"responses":{"200":{"description":"OK","content":{"*/*":{"schema":{"type":"string","format":"binary"}}}}}}},"/api/report-alarm/download-cia":{"post":{"tags":["report-alarm-controller"],"operationId":"downloadCia_1","requestBody":{"content":{"application/json":{"schema":{"$ref":"#/components/schemas/ReportSearchDTO"}}},"required":true},"responses":{"200":{"description":"OK","content":{"*/*":{"schema":{"type":"string","format":"binary"}}}}}}},"/api/history/search":{"post":{"tags":["history-controller"],"operationId":"search_2","requestBody":{"content":{"application/json":{"schema":{"$ref":"#/components/schemas/HistorySearchDTO"}}},"required":true},"responses":{"200":{"description":"OK","content":{"*/*":{"schema":{"$ref":"#/components/schemas/HistoryResponseDTO"}}}}}}},"/api/economic-blocks":{"post":{"tags":["economic-block-controller"],"operationId":"createEconomicBlock","requestBody":{"content":{"application/json":{"schema":{"$ref":"#/components/schemas/EconomicBlockDTO"}}},"required":true},"responses":{"200":{"description":"OK","content":{"*/*":{"schema":{"$ref":"#/components/schemas/EconomicBlockDTO"}}}}}}},"/api/dispute/uploadCdrFile":{"post":{"tags":["dispute-controller"],"operationId":"uploadCdrFile","parameters":[{"name":"owner","in":"query","required":true,"schema":{"type":"string"}},{"name":"istrin","in":"query","required":true,"schema":{"type":"string"}},{"name":"mapping","in":"query","required":false,"schema":{"type":"string"}},{"name":"disputeId","in":"query","required":false,"schema":{"type":"string"}},{"name":"disputeName","in":"query","required":false,"schema":{"type":"string"}},{"name":"fileId","in":"query","required":false,"schema":{"type":"string"}}],"requestBody":{"content":{"application/json":{"schema":{"type":"object","properties":{"file":{"type":"string","format":"binary"}}}}}},"responses":{"200":{"description":"OK","content":{"*/*":{"schema":{"$ref":"#/components/schemas/DisputeCdrFileResponseDTO"}}}}}}},"/api/dispute/subrif/search":{"post":{"tags":["dispute-controller"],"operationId":"subrifSearch","requestBody":{"content":{"application/json":{"schema":{"$ref":"#/components/schemas/DisputeSubrifSearchDTO"}}},"required":true},"responses":{"200":{"description":"OK","content":{"*/*":{"schema":{"type":"array","items":{"$ref":"#/components/schemas/DisputeSubrifDTO"}}}}}}}},"/api/dispute/subrif/add":{"post":{"tags":["dispute-controller"],"operationId":"subrifAdd","requestBody":{"content":{"application/json":{"schema":{"$ref":"#/components/schemas/DisputeSubrifAddDTO"}}},"required":true},"responses":{"200":{"description":"OK","content":{"*/*":{"schema":{"type":"string"}}}}}}},"/api/dispute/checkCdrFile":{"post":{"tags":["dispute-controller"],"operationId":"checkCdrFile","parameters":[{"name":"owner","in":"query","required":true,"schema":{"type":"string"}},{"name":"istrin","in":"query","required":true,"schema":{"type":"string"}},{"name":"disputeName","in":"query","required":false,"schema":{"type":"string"}},{"name":"filename","in":"query","required":true,"schema":{"type":"string"}}],"responses":{"200":{"description":"OK","content":{"*/*":{"schema":{"type":"string"}}}}}}},"/test":{"get":{"tags":["home-controller"],"operationId":"myTest","responses":{"200":{"description":"OK","content":{"*/*":{"schema":{"type":"string"}}}}}}},"/mytest":{"get":{"tags":["test-controller"],"operationId":"index","responses":{"200":{"description":"OK","content":{"*/*":{"schema":{"type":"string"}}}}}}},"/mytest/subrif":{"get":{"tags":["test-controller"],"operationId":"subrif","responses":{"200":{"description":"OK","content":{"*/*":{"schema":{"type":"array","items":{"$ref":"#/components/schemas/FmwsSubRif"}}}}}}}},"/mytest/subrifAlarm":{"get":{"tags":["test-controller"],"operationId":"subrifAlarm","responses":{"200":{"description":"OK","content":{"*/*":{"schema":{"type":"array","items":{"$ref":"#/components/schemas/FmwsSubRifAlarms"}}}}}}}},"/mytest/rif2":{"get":{"tags":["test-controller"],"operationId":"rif2","responses":{"200":{"description":"OK","content":{"*/*":{"schema":{"type":"array","items":{"$ref":"#/components/schemas/FmwsRifAlarms"}}}}}}}},"/mytest/para":{"get":{"tags":["test-controller"],"operationId":"para","parameters":[{"name":"group","in":"query","required":true,"schema":{"type":"string"}},{"name":"key","in":"query","required":true,"schema":{"type":"string"}}],"responses":{"200":{"description":"OK","content":{"*/*":{"schema":{"type":"array","items":{"type":"string"}}}}}}}},"/eventi":{"get":{"tags":["home-controller"],"operationId":"eventi","responses":{"200":{"description":"OK","content":{"*/*":{"schema":{"type":"string"}}}}}}},"/api/ticket/stato":{"get":{"tags":["ticket-controller"],"operationId":"getStato","responses":{"200":{"description":"OK","content":{"*/*":{"schema":{"type":"array","items":{"$ref":"#/components/schemas/ComboDTO"}}}}}}}},"/api/ticket/selling-destination":{"get":{"tags":["ticket-controller"],"operationId":"getSellingDest","responses":{"200":{"description":"OK","content":{"*/*":{"schema":{"type":"array","items":{"$ref":"#/components/schemas/SellingDestinationDTO"}}}}}}}},"/api/ticket/reason-code":{"get":{"tags":["ticket-controller"],"operationId":"getReasonCode","responses":{"200":{"description":"OK","content":{"*/*":{"schema":{"type":"array","items":{"$ref":"#/components/schemas/ComboDTO"}}}}}}}},"/api/ticket/lista-tickets":{"get":{"tags":["ticket-controller"],"operationId":"getTickets","responses":{"200":{"description":"OK","content":{"*/*":{"schema":{"type":"array","items":{"$ref":"#/components/schemas/ComboDTO"}}}}}}}},"/api/ticket/lista-attach/{ticketId}":{"get":{"tags":["ticket-controller"],"operationId":"listaAttach","parameters":[{"name":"ticketId","in":"path","required":true,"schema":{"type":"string"}}],"responses":{"200":{"description":"OK","content":{"*/*":{"schema":{"type":"array","items":{"$ref":"#/components/schemas/ArchiveDTO"}}}}}}}},"/api/ticket/history/{ticketId}":{"get":{"tags":["ticket-controller"],"operationId":"getHistory","parameters":[{"name":"ticketId","in":"path","required":true,"schema":{"type":"string"}}],"responses":{"200":{"description":"OK","content":{"*/*":{"schema":{"type":"array","items":{"$ref":"#/components/schemas/TtHistoryDTO"}}}}}}}},"/api/ticket/fonte":{"get":{"tags":["ticket-controller"],"operationId":"getFonte","responses":{"200":{"description":"OK","content":{"*/*":{"schema":{"type":"array","items":{"$ref":"#/components/schemas/ComboDTO"}}}}}}}},"/api/ticket/find-ticket/{ticketId}":{"get":{"tags":["ticket-controller"],"operationId":"findTicket","parameters":[{"name":"ticketId","in":"path","required":true,"schema":{"type":"string"}}],"responses":{"200":{"description":"OK","content":{"*/*":{"schema":{"$ref":"#/components/schemas/TicketResponseDTO"}}}}}}},"/api/ticket/download-attach/{id}":{"get":{"tags":["ticket-controller"],"operationId":"downloadAttach","parameters":[{"name":"id","in":"path","required":true,"schema":{"type":"integer","format":"int64"}}],"responses":{"200":{"description":"OK","content":{"*/*":{"schema":{"type":"string","format":"binary"}}}}}}},"/api/ticket/carriers":{"get":{"tags":["ticket-controller"],"operationId":"getCarrierContacts","responses":{"200":{"description":"OK","content":{"*/*":{"schema":{"type":"array","items":{"$ref":"#/components/schemas/CarrierContactDTO"}}}}}}}},"/api/report/lista-risultanze-analisi":{"get":{"tags":["report-controller"],"operationId":"risultanzeAnalisi","responses":{"200":{"description":"OK","content":{"*/*":{"schema":{"type":"array","items":{"$ref":"#/components/schemas/ComboDTO"}}}}}}}},"/api/report/lista-rif":{"get":{"tags":["report-controller"],"operationId":"listaRif","responses":{"200":{"description":"OK","content":{"*/*":{"schema":{"type":"array","items":{"$ref":"#/components/schemas/ComboDTO"}}}}}}}},"/api/report/lista-mese":{"get":{"tags":["report-controller"],"operationId":"listaMese","responses":{"200":{"description":"OK","content":{"*/*":{"schema":{"type":"array","items":{"$ref":"#/components/schemas/ComboDTO"}}}}}}}},"/api/report/lista-data-traffico":{"get":{"tags":["report-controller"],"operationId":"listaDataTraffico","responses":{"200":{"description":"OK","content":{"*/*":{"schema":{"type":"array","items":{"$ref":"#/components/schemas/ComboDTO"}}}}}}}},"/api/report/lista-attach/{subRifId}":{"get":{"tags":["report-controller"],"operationId":"listaAttach_1","parameters":[{"name":"subRifId","in":"path","required":true,"schema":{"type":"string"}}],"responses":{"200":{"description":"OK","content":{"*/*":{"schema":{"type":"array","items":{"$ref":"#/components/schemas/ArchiveDTO"}}}}}}}},"/api/report/lista-anno":{"get":{"tags":["report-controller"],"operationId":"listaAnno","responses":{"200":{"description":"OK","content":{"*/*":{"schema":{"type":"array","items":{"$ref":"#/components/schemas/ComboDTO"}}}}}}}},"/api/report/download-attach/{id}":{"get":{"tags":["report-controller"],"operationId":"downloadAttach_1","parameters":[{"name":"id","in":"path","required":true,"schema":{"type":"integer","format":"int64"}}],"responses":{"200":{"description":"OK","content":{"*/*":{"schema":{"type":"string","format":"binary"}}}}}}},"/api/close-alarm/{month}/{year}":{"get":{"tags":["home-controller"],"operationId":"closeAlarm","parameters":[{"name":"month","in":"path","required":true,"schema":{"type":"string"}},{"name":"year","in":"path","required":true,"schema":{"type":"string"}}],"responses":{"200":{"description":"OK","content":{"*/*":{"schema":{"type":"string"}}}}}}},"/api/clear-cache/{namecache}":{"get":{"tags":["home-controller"],"operationId":"clearCache","parameters":[{"name":"namecache","in":"path","required":true,"schema":{"type":"string"}}],"responses":{"200":{"description":"OK","content":{"*/*":{"schema":{"type":"string"}}}}}}},"/":{"get":{"tags":["home-controller"],"operationId":"index_1","responses":{"200":{"description":"OK","content":{"*/*":{"schema":{"type":"string"}}}}}}},"/api/dispute/cdrFile/{fileId}":{"delete":{"tags":["dispute-controller"],"operationId":"deleteCdrFile","parameters":[{"name":"fileId","in":"path","required":true,"schema":{"type":"integer","format":"int64"}}],"responses":{"200":{"description":"OK"}}}}},"components":{"schemas":{"EconomicBlockDTO":{"type":"object","properties":{"id":{"type":"integer","format":"int64"},"disputeId":{"type":"string"},"rifId":{"type":"string"},"subrifId":{"type":"string"},"sellingDestination":{"type":"string"},"trafficStartDate":{"type":"string","format":"date-time"},"trafficEndDate":{"type":"string","format":"date-time"},"reportingDate":{"type":"string","format":"date-time"},"year":{"type":"string"},"month":{"type":"string"},"istrin":{"type":"string"},"istrout":{"type":"string"},"areaIn":{"type":"string"},"areaOut":{"type":"string"},"entityIn":{"type":"string"},"entityOut":{"type":"string"},"minute":{"type":"number","format":"double"},"debEur":{"type":"number","format":"double"},"debUsd":{"type":"number","format":"double"},"creEur":{"type":"number","format":"double"},"creUsd":{"type":"number","format":"double"},"note":{"type":"string"},"status":{"type":"string"},"blockDate":{"type":"string","format":"date-time"},"creUnblockDate":{"type":"string","format":"date-time"},"debUnblockDate":{"type":"string","format":"date-time"},"createDate":{"type":"string","format":"date-time"},"lastUpdateDate":{"type":"string","format":"date-time"},"currencyDefaultCredit":{"type":"string"},"currencyDefaultDebit":{"type":"string"},"cred":{"type":"number","format":"double"},"deb":{"type":"number","format":"double"},"flagBlockCredit":{"type":"boolean"},"flagBlockDebit":{"type":"boolean"},"flagDenuncia":{"type":"boolean"},"flagCIA":{"type":"boolean"},"economicType":{"type":"string"},"disputaIdCredit":{"type":"string"},"disputaCreditStatus":{"type":"string"},"disputaDebitStatus":{"type":"string"},"blockCreditDate":{"type":"string","format":"date-time"},"blockDebitDate":{"type":"string","format":"date-time"}}},"CarrierBlockDTO":{"type":"object","properties":{"codiceCarrCommer":{"type":"string"},"ragioneSocCommer":{"type":"string"}}},"PhoneNumberBlockDTO":{"type":"object","properties":{"countryCode":{"type":"string"},"calledNumber":{"type":"string"}}},"UpdateTtmsDTO":{"type":"object","properties":{"ticketId":{"type":"string"},"operation":{"type":"string"},"note":{"type":"string"},"operator":{"type":"string"},"blockByWorkOrderDate":{"type":"string","format":"date-time"},"phoneNumberBlockDTO":{"type":"array","items":{"$ref":"#/components/schemas/PhoneNumberBlockDTO"}},"carrierBlockDTO":{"type":"array","items":{"$ref":"#/components/schemas/CarrierBlockDTO"}}}},"FieldSearch":{"type":"object","properties":{"field":{"type":"string","description":"campo su cui fare sorting"},"sortOrder":{"type":"string","description":"order:DESC,ASC"}},"description":"oggetto per l'ordinamento dei campi"},"SearchPageDTO":{"type":"object","properties":{"pageNumber":{"type":"integer","format":"int32"},"pageSize":{"type":"integer","format":"int32"},"paged":{"type":"boolean"}}},"TicketSearchDTO":{"type":"object","properties":{"troubleTicketID":{"type":"string","description":"trouble Ticket ID"},"rif":{"type":"string","description":"RIF collegato al ticket"},"sellingDestination":{"type":"string","description":"selling Destination"},"istrin":{"type":"string","description":"carrier in"},"fonte":{"type":"string","description":"fonte: FDR,PDT,MAN","enum":["FDR","PDT","MAN","ROP","ALM"]},"stato":{"type":"string","description":"stato"},"reasonForClosure":{"type":"string","description":"Reason code"},"dataFrom":{"type":"string","description":"data dal","format":"date-time"},"dataTo":{"type":"string","description":"data al","format":"date-time"},"fieldSearchs":{"type":"array","description":"oggetto per l'ordinamento dei campi","items":{"$ref":"#/components/schemas/FieldSearch"}},"pageable":{"$ref":"#/components/schemas/SearchPageDTO"}}},"CarrierDTO":{"type":"object","properties":{"id":{"type":"integer","format":"int64"},"acronym":{"type":"string"},"attempts":{"type":"integer","format":"int32"},"countryCode":{"type":"string"},"listContact231":{"type":"string"},"listContactCm":{"type":"string"},"minutes":{"type":"number"},"roundMinutes":{"type":"string"},"name":{"type":"string"},"percentuale":{"type":"string"},"type":{"type":"string","enum":["inbound","outbound"]}}},"EventiAzioniDTO":{"type":"object","properties":{"ticket":{"$ref":"#/components/schemas/TicketDTO"},"rifNumerico":{"type":"string"},"dataTraffico":{"type":"string"},"mese":{"type":"string"},"fonte":{"type":"string"},"troubleTicket":{"type":"string"},"destination":{"type":"string"},"istrin":{"type":"string"},"percentInstradamento":{"type":"string"},"istrout":{"type":"string"},"minuti":{"type":"string"},"costoMin":{"type":"string"},"costoManual":{"type":"boolean"},"costoDanger":{"type":"boolean"},"valorizzazione":{"type":"string"},"testAttivitaDetectionNoc":{"type":"string"},"richiestaBarraggio":{"type":"string"},"richiestaBarraggioCompact":{"type":"string"},"rifCompleto":{"type":"string"},"rifSequence":{"type":"string"},"troubleTicketSenzaZeri":{"type":"string"},"eventi":{"type":"array","items":{"$ref":"#/components/schemas/EventiDTO"}},"azioni":{"type":"array","items":{"$ref":"#/components/schemas/TicketAzioniDTO"}}}},"EventiAzioniResponseDTO":{"type":"object","properties":{"page":{"type":"integer","format":"int32"},"size":{"type":"integer","format":"int32"},"totalrecord":{"type":"integer","format":"int64"},"eventiAzioni":{"type":"array","items":{"$ref":"#/components/schemas/EventiAzioniDTO"}}}},"EventiDTO":{"type":"object","properties":{"id":{"type":"integer","format":"int64"},"calledNumber":{"type":"string"},"data":{"type":"string","format":"date-time"},"troubleTicketBlock":{"type":"string"},"troubleTicketReopen":{"type":"string"},"blockedAgain":{"type":"string"},"verified":{"type":"string"},"firstDetection":{"type":"string","format":"date-time"},"sellingDestination":{"type":"string"},"routingDestination":{"type":"string"},"routeClass":{"type":"string"},"seized":{"type":"string"},"answered":{"type":"string"},"asr":{"type":"string"},"aloc":{"type":"string"},"replyDelay":{"type":"string"},"minutes":{"type":"string"},"cost":{"type":"string"},"countryCode":{"type":"string"},"totalCost":{"type":"string"},"retroDate":{"type":"string","format":"date-time"},"retroMinutes":{"type":"string"},"clis":{"type":"string"},"carrierIn":{"type":"array","items":{"$ref":"#/components/schemas/CarrierDTO"}},"carrierOut":{"type":"array","items":{"$ref":"#/components/schemas/CarrierDTO"}}}},"TicketAzioniDTO":{"type":"object","properties":{"azione":{"type":"string"}}},"TicketDTO":{"type":"object","properties":{"id":{"type":"string"},"blkWorkOrderNumber":{"type":"string"},"blkWorkOrderNumber2":{"type":"string"},"blkWorkOrderNumber3":{"type":"string"},"carrierBlock":{"type":"string"},"createDate":{"type":"string","format":"date-time"},"creatorGroup":{"type":"string"},"creatorUser":{"type":"string"},"dtblockByWorkOrder":{"type":"string","format":"date-time"},"endDateOccurs":{"type":"string","format":"date-time"},"holdMkvnResponse":{"type":"string"},"lastModifiedDate":{"type":"string","format":"date-time"},"marketingRequestDate":{"type":"string","format":"date-time"},"marketingRequestType":{"type":"string"},"nmBlockDate":{"type":"string","format":"date-time"},"nmBlockType":{"type":"string"},"nmNumberingRange":{"type":"string"},"notes":{"type":"string"},"ownerGroup":{"type":"string"},"sourceType":{"type":"string"},"phoneNumberBlock":{"type":"string"},"reasonForClosure":{"type":"string"},"reportedByCategory":{"type":"string"},"reportedBySubcategory":{"type":"string"},"reportedDatetime":{"type":"string","format":"date-time"},"routingDestination":{"type":"string"},"sellingDestination":{"type":"string"},"status":{"type":"string"},"statusReason":{"type":"string"},"ticketClosureDate":{"type":"string","format":"date-time"},"totalMinutes":{"type":"integer","format":"int32"},"verificationAction":{"type":"string"},"reopenTrafficDate":{"type":"string","format":"date-time"}}},"TicketCostDTO":{"type":"object","properties":{"ticketId":{"type":"string"},"oldValue":{"type":"number"},"newValue":{"type":"number"}}},"ReportSearchDTO":{"type":"object","properties":{"rif":{"type":"string"},"sellingDestination":{"type":"string"},"istrin":{"type":"string"},"istrout":{"type":"string"},"sourceType":{"type":"string"},"mese":{"type":"string"},"anno":{"type":"string"},"quarter":{"type":"string"},"risultanzaAnalisi":{"type":"string"},"fieldSearchs":{"type":"array","items":{"$ref":"#/components/schemas/FieldSearch"}},"pageable":{"$ref":"#/components/schemas/SearchPageDTO"}}},"DenunciaDTO":{"type":"object","properties":{"id":{"type":"string"},"rifId":{"type":"string"},"dataRilevamento":{"type":"string","format":"date-time"},"subRif":{"type":"string"},"titolo":{"type":"string"},"minuti":{"type":"number"},"valorizzazione":{"type":"number"},"note":{"type":"string"},"result":{"type":"string"}}},"RIfResponseDTO":{"type":"object","properties":{"page":{"type":"integer","format":"int32"},"size":{"type":"integer","format":"int32"},"totalrecord":{"type":"integer","format":"int64"},"rifDTOs":{"type":"array","items":{"$ref":"#/components/schemas/RifDTO"}}}},"RifDTO":{"type":"object","properties":{"id":{"type":"string"},"rif":{"type":"string"},"fonte":{"type":"string"},"manual":{"type":"boolean"},"dataRilevamento":{"type":"string"},"sellingDestination":{"type":"string"},"istrin":{"type":"string"},"istrout":{"type":"string"},"istrin_id":{"type":"string"},"istrout_id":{"type":"string"},"minuti":{"type":"number"},"valorizzazione":{"type":"number"},"risultanzeAnalisi":{"type":"string"},"azioniAmministr":{"type":"string"},"denunciaAutorita":{"type":"string"},"note":{"type":"string"},"dataComplIntervento":{"type":"string","format":"date-time"},"dataCreazione":{"type":"string","format":"date-time"},"risultato":{"type":"string"},"detection":{"type":"string"},"denunciaDTOs":{"type":"array","items":{"$ref":"#/components/schemas/DenunciaDTO"}}}},"RifAlarmDTO":{"type":"object","properties":{"rifId":{"type":"string"},"rif_action":{"type":"string"},"rif_result":{"type":"string"},"rif_complaint":{"type":"string"},"closureDate":{"type":"string","format":"date-time"}}},"HistorySearchDTO":{"type":"object","properties":{"troubleTicketID":{"type":"string"},"rif":{"type":"string"},"assigneeGroup":{"type":"string"},"operatorUser":{"type":"string"},"fmwsOperation":{"type":"string"},"ipAddress":{"type":"string"},"dataFrom":{"type":"string","format":"date-time"},"dataTo":{"type":"string","format":"date-time"},"fieldSearchs":{"type":"array","items":{"$ref":"#/components/schemas/FieldSearch"}},"pageable":{"$ref":"#/components/schemas/SearchPageDTO"}}},"HistoryDTO":{"type":"object","properties":{"startOperation":{"type":"string","format":"date-time"},"assigneeGroup":{"type":"string"},"notes":{"type":"string"},"operationDate":{"type":"string","format":"date-time"},"operatorUser":{"type":"string"},"payload":{"type":"string"},"payloadRequest":{"type":"string"},"payloadResponse":{"type":"string"},"startOperationTime":{"type":"integer","format":"int64"},"operationTime":{"type":"integer","format":"int64"},"fmwsOperation":{"type":"string"},"rifId":{"type":"string"},"troubleTicketId":{"type":"string"},"ipAddress":{"type":"string"},"endOperation":{"type":"string","format":"date-time"}}},"HistoryResponseDTO":{"type":"object","properties":{"page":{"type":"integer","format":"int32"},"size":{"type":"integer","format":"int32"},"totalrecord":{"type":"integer","format":"int64"},"historyDTOs":{"type":"array","items":{"$ref":"#/components/schemas/HistoryDTO"}}}},"DisputeCdrFileResponseDTO":{"type":"object","properties":{"fileId":{"type":"string"},"result":{"type":"string"}}},"DisputeSubrifSearchDTO":{"type":"object","properties":{"owner":{"type":"string"},"istrin":{"type":"string"},"year":{"type":"string"},"month":{"type":"string"}}},"DisputeSubrifDTO":{"type":"object","properties":{"istrin":{"type":"string"},"istrout":{"type":"string"},"sellingDestination":{"type":"string"},"rif":{"type":"string"},"subrif":{"type":"string"},"year":{"type":"string"},"month":{"type":"string"},"minute":{"type":"number"},"cost":{"type":"number"},"trafficStartDate":{"type":"string","format":"date-time"},"trafficEndDate":{"type":"string","format":"date-time"}}},"DisputeSubrifAddDTO":{"type":"object","properties":{"disputeName":{"type":"string"},"owner":{"type":"string"},"istrin":{"type":"string"},"disputeSubrifs":{"type":"array","items":{"$ref":"#/components/schemas/DisputeSubrifDTO"}}}},"FmwsSubRif":{"type":"object","properties":{"subrifId":{"type":"string"},"rifId":{"type":"string"},"sequenceNumber":{"type":"integer","format":"int64"},"sellingDestination":{"type":"string"},"istrin":{"type":"string"},"istrout":{"type":"string"},"creationDate":{"type":"string","format":"date-time"},"istrinDesc":{"type":"string"},"istroutDesc":{"type":"string"},"lastModifiedDate":{"type":"string","format":"date-time"}}},"FmwsSubRifAlarms":{"type":"object","properties":{"id":{"type":"integer","format":"int64"},"subrifId":{"type":"string"},"rifId":{"type":"string"},"cdf":{"type":"string"},"alarmId":{"type":"string"},"alarmReferenceType":{"type":"string"},"alarmReferenceValue":{"type":"string"},"alarmFraudCategory":{"type":"string"},"ticketId":{"type":"string"},"attempts":{"type":"integer","format":"int64"},"answered":{"type":"integer","format":"int64"},"totalMinutes":{"type":"integer","format":"int64"},"totalCost":{"type":"integer","format":"int64"},"creationDate":{"type":"string","format":"date-time"},"lastModifiedDate":{"type":"string","format":"date-time"}}},"FmwsRifAlarms":{"type":"object","properties":{"rifId":{"type":"string"},"rifHashKey":{"type":"string"},"action":{"type":"boolean"},"closureDate":{"type":"string","format":"date-time"},"complaint":{"type":"boolean"},"creationDate":{"type":"string","format":"date-time"},"manual":{"type":"boolean"},"istrin":{"type":"string"},"istrout":{"type":"string"},"lastModifiedDate":{"type":"string","format":"date-time"},"month":{"type":"integer","format":"int64"},"quarter":{"type":"integer","format":"int64"},"reportedCiaDate":{"type":"string","format":"date-time"},"reportedOdvDate":{"type":"string","format":"date-time"},"result":{"type":"string"},"sellingDestination":{"type":"string"},"sequenceNumber":{"type":"integer","format":"int64"},"year":{"type":"string"},"detection":{"type":"string"},"resultDescription":{"type":"string"},"ticketNumbers":{"type":"string"},"istrinDesc":{"type":"string"},"istroutDesc":{"type":"string"},"cdfSequenceNumber":{"type":"integer","format":"int64"}}},"ComboDTO":{"type":"object","properties":{"id":{"type":"string"},"desc":{"type":"string"}}},"SellingDestinationDTO":{"type":"object","properties":{"id":{"type":"string"},"descr":{"type":"string"},"country":{"type":"string"}}},"ArchiveDTO":{"type":"object","properties":{"id":{"type":"integer","format":"int64"},"contentType":{"type":"string"},"troubleTicket":{"type":"string"},"rif":{"type":"string"},"filename":{"type":"string"},"mailDTO":{"$ref":"#/components/schemas/MailDTO"},"utente":{"type":"string"},"nota":{"type":"string"},"tipo":{"type":"string"},"size":{"type":"string"},"lastModifiedDate":{"type":"string","format":"date-time"}}},"MailDTO":{"type":"object","properties":{"id":{"type":"string"},"category":{"type":"string"},"cc":{"type":"string"},"content":{"type":"string"},"from":{"type":"string"},"sendDate":{"type":"string","format":"date-time"},"subject":{"type":"string"},"to":{"type":"string"},"carrier":{"type":"string"},"contactManager":{"type":"string"},"carrierType":{"type":"string"}}},"TtHistoryDTO":{"type":"object","properties":{"id":{"type":"integer","format":"int64"},"assigneeGroup":{"type":"string"},"notes":{"type":"string"},"operationDate":{"type":"string","format":"date-time"},"operatorUser":{"type":"string"},"payload":{"type":"string"},"status":{"type":"string"},"statusReason":{"type":"string"},"ttmsOperation":{"type":"string"},"ticketId":{"type":"string"},"source":{"type":"string"}}},"CarrierInfoDTO":{"type":"object","properties":{"id":{"type":"string"},"desc":{"type":"string"}}},"ReferenceDTO":{"type":"object","properties":{"alarmReferenceType":{"type":"string"},"alarmReferenceValue":{"type":"string"}}},"TicketResponseDTO":{"type":"object","properties":{"ticket":{"$ref":"#/components/schemas/TicketDTO"},"azioni":{"type":"array","items":{"$ref":"#/components/schemas/TicketAzioniDTO"}},"referenceDTOs":{"type":"array","items":{"$ref":"#/components/schemas/ReferenceDTO"}},"carrierInfoInDTOs":{"type":"array","items":{"$ref":"#/components/schemas/CarrierInfoDTO"}},"carrierInfoOutDTOs":{"type":"array","items":{"$ref":"#/components/schemas/CarrierInfoDTO"}}}},"CarrierContactDTO":{"type":"object","properties":{"acronym":{"type":"string"},"listContact231":{"type":"string"},"listContactCm":{"type":"string"},"name":{"type":"string"}}}}}}